20130216031127,2013-03-01,725
20130216034501,2013-03-01,2
20130217031005,2013-03-01,888
20130217031005,2013-03-02,726
20130218031106,2013-03-01,970
20130218031106,2013-03-02,753
20130218031106,2013-03-03,712
20130218042018,2013-03-01,1
20130218042018,2013-03-02,1
20130218042018,2013-03-03,2
20130219031055,2013-03-01,1539
20130219031055,2013-03-02,1266
20130219031055,2013-03-03,1099
20130219031055,2013-03-04,1168
20130220031126,2013-03-01,1499
20130220031126,2013-03-02,1169
20130220031126,2013-03-03,1029
20130220031126,2013-03-04,1150
20130220031126,2013-03-05,952
20130220040207,2013-03-01,122
20130220040207,2013-03-02,83
20130220040207,2013-03-03,89
20130220040207,2013-03-04,85
20130220040207,2013-03-05,89
20130220104816,2013-03-01,3
20130220104816,2013-03-02,2
20130220104816,2013-03-03,2
20130220104816,2013-03-04,2
20130220104816,2013-03-05,2
20130221030952,2013-03-01,479
20130221030952,2013-03-02,377
20130221030952,2013-03-03,328
20130221030952,2013-03-04,322
20130221030952,2013-03-05,273
20130221030952,2013-03-06,237
20130221072044,2013-03-01,1483
20130221072044,2013-03-02,1074
20130221072044,2013-03-03,887
20130221072044,2013-03-04,990
20130221072044,2013-03-05,840
20130221072044,2013-03-06,713
20130222031133,2013-03-01,2131
20130222031133,2013-03-02,1692
20130222031133,2013-03-03,1395
20130222031133,2013-03-04,1230
20130222031133,2013-03-05,1047
20130222031133,2013-03-06,911
20130222031133,2013-03-07,839
20130223031157,2013-03-01,2808
20130223031157,2013-03-02,2356
20130223031157,2013-03-03,1924
20130223031157,2013-03-04,1421
20130223031157,2013-03-05,1194
20130223031157,2013-03-06,1021
20130223031157,2013-03-07,902
20130223031157,2013-03-08,849
20130223040203,2013-03-02,1
20130223040210,2013-03-01,105
20130223040210,2013-03-02,75
20130223040210,2013-03-03,62
20130223040210,2013-03-04,63
20130223040210,2013-03-05,61
20130223040210,2013-03-06,47
20130223040210,2013-03-07,39
20130223040210,2013-03-08,37
20130223042647,2013-03-01,1
20130223042647,2013-03-02,1
20130224031053,2013-03-01,3949
20130224031053,2013-03-02,2836
20130224031053,2013-03-03,2254
20130224031053,2013-03-04,1975
20130224031053,2013-03-05,1568
20130224031053,2013-03-06,1252
20130224031053,2013-03-07,1054
20130224031053,2013-03-08,971
20130224031053,2013-03-09,810
20130224034501,2013-03-01,1
20130224034501,2013-03-02,1
20130224034501,2013-03-03,1
20130224034501,2013-03-04,1
20130224034501,2013-03-05,2
20130224034501,2013-03-06,1
20130224034501,2013-03-07,1
20130224034501,2013-03-08,1
20130224040202,2013-03-01,1
20130224040202,2013-03-02,1
20130224040202,2013-03-03,2
20130224040202,2013-03-04,2
20130224040202,2013-03-05,2
20130224040202,2013-03-08,1
20130225031141,2013-03-01,4158
20130225031141,2013-03-02,2869
20130225031141,2013-03-03,2208
20130225031141,2013-03-04,2188
20130225031141,2013-03-05,1699
20130225031141,2013-03-06,1388
20130225031141,2013-03-07,1206
20130225031141,2013-03-08,999
20130225031141,2013-03-09,830
20130225031141,2013-03-10,748
20130225152609,2013-03-02,1
20130225152609,2013-03-04,1
20130225152609,2013-03-05,1
20130225152609,2013-03-06,1
20130225152609,2013-03-07,1
20130225152609,2013-03-08,1
20130225152609,2013-03-09,1
20130225152609,2013-03-10,2
20130226031002,2013-03-01,5595
20130226031002,2013-03-02,3529
20130226031002,2013-03-03,2687
20130226031002,2013-03-04,2618
20130226031002,2013-03-05,2087
20130226031002,2013-03-06,1627
20130226031002,2013-03-07,1358
20130226031002,2013-03-08,1037
20130226031002,2013-03-09,927
20130226031002,2013-03-10,787
20130226031002,2013-03-11,833
20130226034500,2013-03-01,1
20130226034500,2013-03-03,2
20130226034500,2013-03-04,1
20130226034500,2013-03-05,1
20130226040200,2013-03-01,196
20130226040200,2013-03-02,104
20130226040200,2013-03-03,72
20130226040200,2013-03-04,87
20130226040200,2013-03-05,59
20130226040200,2013-03-06,42
20130226040200,2013-03-07,40
20130226040200,2013-03-08,40
20130226040200,2013-03-09,27
20130226040200,2013-03-10,25
20130226040200,2013-03-11,21
20130226040207,2013-03-01,3
20130226040207,2013-03-02,2
20130226040207,2013-03-03,3
20130226040207,2013-03-04,3
20130226040207,2013-03-05,1
20130226040207,2013-03-06,1
20130226040207,2013-03-08,1
20130226040207,2013-03-11,1
20130226172142,2013-03-02,2
20130226172142,2013-03-03,2
20130226172142,2013-03-04,2
20130226172142,2013-03-07,1
20130226172142,2013-03-08,1
20130226172142,2013-03-09,1
20130226172142,2013-03-10,1
20130227030925,2013-03-01,17522
20130227030925,2013-03-02,8049
20130227030925,2013-03-03,5009
20130227030925,2013-03-04,4736
20130227030925,2013-03-05,3252
20130227030925,2013-03-06,2463
20130227030925,2013-03-07,1963
20130227030925,2013-03-08,1563
20130227030925,2013-03-09,1170
20130227030925,2013-03-10,1024
20130227030925,2013-03-11,1109
20130227030925,2013-03-12,893
20130227040208,2013-03-01,6
20130227040208,2013-03-02,1
20130227040208,2013-03-03,1
20130227040208,2013-03-06,2
20130227040208,2013-03-07,1
20130227040208,2013-03-08,1
20130227040208,2013-03-11,1
20130227040210,2013-03-01,44
20130227040210,2013-03-02,26
20130227040210,2013-03-03,10
20130227040210,2013-03-04,13
20130227040210,2013-03-05,6
20130227040210,2013-03-06,3
20130227040210,2013-03-07,4
20130227040210,2013-03-08,4
20130227040210,2013-03-09,3
20130227040210,2013-03-10,2
20130227040210,2013-03-12,1
20130227063501,2013-03-02,1
20130227063501,2013-03-04,1
20130227063501,2013-03-05,3
20130227063501,2013-03-06,3
20130227063501,2013-03-07,1
20130227063501,2013-03-08,3
20130227063501,2013-03-10,2
20130227063501,2013-03-11,1
20130227131444,2013-03-01,233
20130227131444,2013-03-02,68
20130227131444,2013-03-03,60
20130227131444,2013-03-04,84
20130227131444,2013-03-05,58
20130227131444,2013-03-06,43
20130227131444,2013-03-07,40
20130227131444,2013-03-08,29
20130227131444,2013-03-09,15
20130227131444,2013-03-10,18
20130227131444,2013-03-11,25
20130227131444,2013-03-12,21
20130228030852,2013-03-01,14840
20130228030852,2013-03-02,5818
20130228030852,2013-03-03,3639
20130228030852,2013-03-04,2791
20130228030852,2013-03-05,1807
20130228030852,2013-03-06,1370
20130228030852,2013-03-07,1042
20130228030852,2013-03-08,763
20130228030852,2013-03-09,614
20130228030852,2013-03-10,567
20130228030852,2013-03-11,564
20130228030852,2013-03-12,459
20130228030852,2013-03-13,417
20130228040201,2013-03-01,278
20130228040201,2013-03-02,238
20130228040201,2013-03-03,83
20130228040201,2013-03-04,115
20130228040201,2013-03-05,45
20130228040201,2013-03-06,33
20130228040201,2013-03-07,30
20130228040201,2013-03-08,21
20130228040201,2013-03-09,18
20130228040201,2013-03-10,14
20130228040201,2013-03-11,25
20130228040201,2013-03-12,13
20130228040201,2013-03-13,16
20130228040205,2013-03-01,5
20130228040205,2013-03-02,5
20130228040205,2013-03-03,4
20130228040205,2013-03-04,3
20130228040205,2013-03-05,1
20130228040205,2013-03-06,2
20130228040205,2013-03-07,2
20130228040205,2013-03-08,1
20130228040205,2013-03-09,1
20130228040205,2013-03-10,1
20130228040205,2013-03-11,1
20130228040205,2013-03-12,1
20130228040205,2013-03-13,1
20130228042405,2013-03-03,1
20130228042405,2013-03-04,1
20130228042405,2013-03-05,1
20130228042405,2013-03-06,1
20130228042405,2013-03-07,1
20130228042405,2013-03-08,1
20130228042405,2013-03-09,1
20130228042405,2013-03-10,1
20130228042405,2013-03-11,1
20130228042405,2013-03-12,1
20130228042405,2013-03-13,1
20130228100310,2013-03-01,6146
20130228100310,2013-03-02,4591
20130228100310,2013-03-03,2415
20130228100310,2013-03-04,1988
20130228100310,2013-03-05,1267
20130228100310,2013-03-06,888
20130228100310,2013-03-07,702
20130228100310,2013-03-08,503
20130228100310,2013-03-09,384
20130228100310,2013-03-10,361
20130228100310,2013-03-11,351
20130228100310,2013-03-12,306
20130228100310,2013-03-13,241
20130228165151,2013-03-01,6271
20130228165151,2013-03-02,7222
20130228165151,2013-03-03,3462
20130228165151,2013-03-04,4297
20130228165151,2013-03-05,2306
20130228165151,2013-03-06,1590
20130228165151,2013-03-07,1184
20130228165151,2013-03-08,868
20130228165151,2013-03-09,609
20130228165151,2013-03-10,519
20130228165151,2013-03-11,639
20130228165151,2013-03-12,510
20130228165151,2013-03-13,440
20130301030909,2013-03-01,3292
20130301030909,2013-03-02,20760
20130301030909,2013-03-03,13863
20130301030909,2013-03-04,8041
20130301030909,2013-03-05,4447
20130301030909,2013-03-06,3219
20130301030909,2013-03-07,2381
20130301030909,2013-03-08,2044
20130301030909,2013-03-09,1652
20130301030909,2013-03-10,1368
20130301030909,2013-03-11,1190
20130301030909,2013-03-12,1058
20130301030909,2013-03-13,902
20130301030909,2013-03-14,785
20130301040203,2013-03-01,34
20130301040203,2013-03-02,273
20130301040203,2013-03-03,483
20130301040203,2013-03-04,655
20130301040203,2013-03-05,800
20130301040203,2013-03-06,460
20130301040203,2013-03-07,194
20130301040203,2013-03-08,108
20130301040203,2013-03-09,81
20130301040203,2013-03-10,76
20130301040203,2013-03-11,74
20130301040203,2013-03-12,70
20130301040203,2013-03-13,53
20130301040203,2013-03-14,46
20130301040204,2013-03-02,2
20130301040204,2013-03-03,5
20130301040204,2013-03-04,1
20130301040204,2013-03-05,1
20130302030852,2013-03-02,4391
20130302030852,2013-03-03,25616
20130302030852,2013-03-04,25113
20130302030852,2013-03-05,11997
20130302030852,2013-03-06,6186
20130302030852,2013-03-07,4580
20130302030852,2013-03-08,3732
20130302030852,2013-03-09,3130
20130302030852,2013-03-10,2533
20130302030852,2013-03-11,2089
20130302030852,2013-03-12,1828
20130302030852,2013-03-13,1547
20130302030852,2013-03-14,1295
20130302030852,2013-03-15,1147
20130302034501,2013-03-02,38
20130302040204,2013-03-02,2
20130302040204,2013-03-03,9
20130302040204,2013-03-04,15
20130302040204,2013-03-05,11
20130302040204,2013-03-06,1
20130302040204,2013-03-07,3
20130302040204,2013-03-08,1
20130302040204,2013-03-09,1
20130302040204,2013-03-11,2
20130302040204,2013-03-12,1
20130302040204,2013-03-13,1
20130302040204,2013-03-14,1
20130302042014,2013-03-08,1
20130303000851,2013-03-03,1
20130303030835,2013-03-03,2626
20130303030835,2013-03-04,15210
20130303030835,2013-03-05,9018
20130303030835,2013-03-06,3646
20130303030835,2013-03-07,2413
20130303030835,2013-03-08,1859
20130303030835,2013-03-09,1435
20130303030835,2013-03-10,1134
20130303030835,2013-03-11,1113
20130303030835,2013-03-12,741
20130303030835,2013-03-13,613
20130303030835,2013-03-14,558
20130303030835,2013-03-15,430
20130303030835,2013-03-16,388
20130303034501,2013-03-03,36
20130303131823,2013-03-03,1
20130304030933,2013-03-04,5169
20130304030933,2013-03-05,31743
20130304030933,2013-03-06,17914
20130304030933,2013-03-07,7151
20130304030933,2013-03-08,4917
20130304030933,2013-03-09,3448
20130304030933,2013-03-10,2729
20130304030933,2013-03-11,2636
20130304030933,2013-03-12,2067
20130304030933,2013-03-13,1685
20130304030933,2013-03-14,1374
20130304030933,2013-03-15,1132
20130304030933,2013-03-16,864
20130304030933,2013-03-17,871
20130304034502,2013-03-04,5
20130304034502,2013-03-05,41
20130304034502,2013-03-06,3
20130304034502,2013-03-07,4
20130304034502,2013-03-08,3
20130304034502,2013-03-09,2
20130304034502,2013-03-10,3
20130304034502,2013-03-11,3
20130304040203,2013-03-04,2
20130304040203,2013-03-05,7
20130304040203,2013-03-06,13
20130304040203,2013-03-07,4
20130304040203,2013-03-08,2
20130304040203,2013-03-09,2
20130304040203,2013-03-10,1
20130304040203,2013-03-11,1
20130304040203,2013-03-12,1
20130304040203,2013-03-13,1
20130304040203,2013-03-14,1
20130304040203,2013-03-15,2
20130304040203,2013-03-16,1
20130304040203,2013-03-17,1
20130305030833,2013-03-05,5053
20130305030833,2013-03-06,30650
20130305030833,2013-03-07,16793
20130305030833,2013-03-08,6210
20130305030833,2013-03-09,3965
20130305030833,2013-03-10,3058
20130305030833,2013-03-11,3004
20130305030833,2013-03-12,2304
20130305030833,2013-03-13,1900
20130305030833,2013-03-14,1465
20130305030833,2013-03-15,1221
20130305030833,2013-03-16,1033
20130305030833,2013-03-17,969
20130305030833,2013-03-18,1088
20130305034500,2013-03-05,38
20130305034500,2013-03-06,3
20130305034500,2013-03-07,2
20130305034500,2013-03-08,1
20130305034500,2013-03-09,1
20130305034500,2013-03-10,1
20130305034500,2013-03-11,1
20130305040206,2013-03-05,1
20130305040206,2013-03-06,8
20130305040206,2013-03-07,7
20130305040206,2013-03-08,3
20130305040206,2013-03-09,3
20130305040206,2013-03-10,4
20130305040206,2013-03-11,5
20130305040206,2013-03-12,3
20130305040206,2013-03-13,1
20130305040206,2013-03-14,1
20130305040206,2013-03-15,1
20130305040208,2013-03-05,43
20130305040208,2013-03-06,458
20130305040208,2013-03-07,746
20130305040208,2013-03-08,390
20130305040208,2013-03-09,152
20130305040208,2013-03-10,85
20130305040208,2013-03-11,113
20130305040208,2013-03-12,72
20130305040208,2013-03-13,69
20130305040208,2013-03-14,58
20130305040208,2013-03-15,39
20130305040208,2013-03-16,38
20130305040208,2013-03-17,31
20130305040208,2013-03-18,36
20130305042015,2013-03-11,1
20130305042015,2013-03-12,1
20130305042015,2013-03-13,1
20130305042015,2013-03-14,1
20130305042015,2013-03-15,2
20130305042015,2013-03-18,1
2013030511,2013-03-05,1
20130305164032,2013-03-07,1
20130305164032,2013-03-08,1
20130305164032,2013-03-12,1
20130305164032,2013-03-13,1
20130305164032,2013-03-14,1
20130306031012,2013-03-06,5449
20130306031012,2013-03-07,33716
20130306031012,2013-03-08,30277
20130306031012,2013-03-09,12310
20130306031012,2013-03-10,7190
20130306031012,2013-03-11,7417
20130306031012,2013-03-12,4598
20130306031012,2013-03-13,4160
20130306031012,2013-03-14,3586
20130306031012,2013-03-15,2467
20130306031012,2013-03-16,1777
20130306031012,2013-03-17,1696
20130306031012,2013-03-18,1865
20130306031012,2013-03-19,1787
20130306034501,2013-03-06,37
20130306034501,2013-03-12,1
20130306034501,2013-03-13,1
20130306040214,2013-03-06,1
20130306040214,2013-03-07,11
20130306040214,2013-03-08,11
20130306040214,2013-03-09,1
20130306040214,2013-03-10,2
20130306040214,2013-03-13,2
20130306040214,2013-03-14,1
20130306040214,2013-03-15,2
20130306040214,2013-03-16,2
20130306040214,2013-03-17,1
20130306040214,2013-03-18,1
20130306040214,2013-03-19,1
20130307023931,2013-03-08,1
20130307023931,2013-03-09,1
20130307023931,2013-03-10,1
20130307023931,2013-03-11,2
20130307023931,2013-03-12,3
20130307023931,2013-03-13,7
20130307023931,2013-03-14,18
20130307023931,2013-03-15,23
20130307023931,2013-03-16,32
20130307023931,2013-03-17,41
20130307023931,2013-03-18,47
20130307023931,2013-03-19,50
20130307023931,2013-03-20,55
20130307030926,2013-03-07,2609
20130307030926,2013-03-08,15088
20130307030926,2013-03-09,7445
20130307030926,2013-03-10,3232
20130307030926,2013-03-11,3744
20130307030926,2013-03-12,2164
20130307030926,2013-03-13,1552
20130307030926,2013-03-14,1152
20130307030926,2013-03-15,855
20130307030926,2013-03-16,680
20130307030926,2013-03-17,615
20130307030926,2013-03-18,703
20130307030926,2013-03-19,693
20130307030926,2013-03-20,610
20130307034503,2013-03-07,38
20130307034503,2013-03-08,1
20130307034503,2013-03-09,1
20130307034503,2013-03-10,1
20130307034503,2013-03-11,1
20130307040204,2013-03-07,47
20130307040204,2013-03-08,489
20130307040204,2013-03-09,634
20130307040204,2013-03-10,329
20130307040204,2013-03-11,294
20130307040204,2013-03-12,94
20130307040204,2013-03-13,86
20130307040204,2013-03-14,63
20130307040204,2013-03-15,65
20130307040204,2013-03-16,40
20130307040204,2013-03-17,33
20130307040204,2013-03-18,35
20130307040204,2013-03-19,30
20130307040204,2013-03-20,31
20130307040206,2013-03-07,1
20130307040206,2013-03-08,12
20130307040206,2013-03-09,5
20130307040206,2013-03-10,3
20130307040206,2013-03-11,2
20130307040206,2013-03-18,1
20130307075451,2013-03-12,1
20130307075451,2013-03-13,1
20130307075451,2013-03-14,1
20130307205912,2013-03-08,1
20130308031005,2013-03-08,5150
20130308031005,2013-03-09,27162
20130308031005,2013-03-10,14463
20130308031005,2013-03-11,8813
20130308031005,2013-03-12,5172
20130308031005,2013-03-13,3558
20130308031005,2013-03-14,2776
20130308031005,2013-03-15,2107
20130308031005,2013-03-16,1847
20130308031005,2013-03-17,1724
20130308031005,2013-03-18,1668
20130308031005,2013-03-19,1571
20130308031005,2013-03-20,1377
20130308031005,2013-03-21,1149
20130308040205,2013-03-08,5
20130308040205,2013-03-09,20
20130308040205,2013-03-10,19
20130308040205,2013-03-11,27
20130308040205,2013-03-12,25
20130308040205,2013-03-13,13
20130308040205,2013-03-14,9
20130308040205,2013-03-15,6
20130308040205,2013-03-16,3
20130308040205,2013-03-17,1
20130308040205,2013-03-18,1
20130308040205,2013-03-19,1
20130308040205,2013-03-20,1
20130308040205,2013-03-21,1
20130308191748,2013-03-09,1
20130309030841,2013-03-09,5239
20130309030841,2013-03-10,27596
20130309030841,2013-03-11,13250
20130309030841,2013-03-12,6170
20130309030841,2013-03-13,4095
20130309030841,2013-03-14,3166
20130309030841,2013-03-15,2487
20130309030841,2013-03-16,2337
20130309030841,2013-03-17,2074
20130309030841,2013-03-18,1879
20130309030841,2013-03-19,1816
20130309030841,2013-03-20,1534
20130309030841,2013-03-21,1316
20130309030841,2013-03-22,1115
20130309040208,2013-03-09,50
20130309040208,2013-03-10,441
20130309040208,2013-03-11,703
20130309040208,2013-03-12,867
20130309040208,2013-03-13,494
20130309040208,2013-03-14,197
20130309040208,2013-03-15,168
20130309040208,2013-03-16,136
20130309040208,2013-03-17,90
20130309040208,2013-03-18,110
20130309040208,2013-03-19,94
20130309040208,2013-03-20,80
20130309040208,2013-03-21,63
20130309040208,2013-03-22,47
20130309042012,2013-03-11,1
20130309171616,2013-03-16,1
20130309171616,2013-03-17,1
20130309171616,2013-03-18,1
20130309171616,2013-03-19,1
20130309171616,2013-03-20,1
20130309171616,2013-03-21,1
20130309171616,2013-03-22,1
20130310030906,2013-03-10,5693
20130310030906,2013-03-11,28996
20130310030906,2013-03-12,15613
20130310030906,2013-03-13,6501
20130310030906,2013-03-14,4345
20130310030906,2013-03-15,3412
20130310030906,2013-03-16,2767
20130310030906,2013-03-17,2576
20130310030906,2013-03-18,2548
20130310030906,2013-03-19,2341
20130310030906,2013-03-20,2029
20130310030906,2013-03-21,1626
20130310030906,2013-03-22,1322
20130310030906,2013-03-23,1136
20130310034501,2013-03-10,36
20130310034501,2013-03-11,4
20130310034501,2013-03-12,2
20130310034501,2013-03-13,1
20130310034501,2013-03-14,2
20130310034501,2013-03-15,1
20130310034501,2013-03-16,2
20130310034501,2013-03-17,1
20130311030946,2013-03-11,6210
20130311030946,2013-03-12,34756
20130311030946,2013-03-13,31707
20130311030946,2013-03-14,13099
20130311030946,2013-03-15,6786
20130311030946,2013-03-16,5166
20130311030946,2013-03-17,4883
20130311030946,2013-03-18,5150
20130311030946,2013-03-19,4887
20130311030946,2013-03-20,4008
20130311030946,2013-03-21,3014
20130311030946,2013-03-22,2361
20130311030946,2013-03-23,1854
20130311030946,2013-03-24,1577
20130311165038,2013-03-12,1
20130312031046,2013-03-12,3357
20130312031046,2013-03-13,17081
20130312031046,2013-03-14,8616
20130312031046,2013-03-15,3112
20130312031046,2013-03-16,2339
20130312031046,2013-03-17,2119
20130312031046,2013-03-18,2349
20130312031046,2013-03-19,2239
20130312031046,2013-03-20,1726
20130312031046,2013-03-21,1232
20130312031046,2013-03-22,914
20130312031046,2013-03-23,663
20130312031046,2013-03-24,594
20130312031046,2013-03-25,550
20130312034502,2013-03-12,40
20130312034502,2013-03-13,4
20130312034502,2013-03-14,2
20130312034502,2013-03-15,1
20130312034502,2013-03-16,1
20130312034502,2013-03-17,2
20130312034502,2013-03-18,1
20130312034502,2013-03-19,1
20130312034502,2013-03-20,1
20130312034502,2013-03-21,1
20130312034502,2013-03-23,1
20130312034502,2013-03-24,1
20130312034502,2013-03-25,1
20130312040201,2013-03-12,3
20130312040201,2013-03-13,14
20130312040201,2013-03-14,16
20130312040201,2013-03-15,3
20130312040201,2013-03-16,5
20130312040201,2013-03-17,6
20130312040201,2013-03-18,4
20130312040201,2013-03-19,3
20130312040201,2013-03-20,6
20130312040201,2013-03-21,4
20130312040201,2013-03-22,3
20130312040201,2013-03-23,2
20130312040201,2013-03-24,1
20130312040201,2013-03-25,1
20130312040203,2013-03-12,76
20130312040203,2013-03-13,491
20130312040203,2013-03-14,340
20130312040203,2013-03-15,115
20130312040203,2013-03-16,90
20130312040203,2013-03-17,56
20130312040203,2013-03-18,66
20130312040203,2013-03-19,43
20130312040203,2013-03-20,53
20130312040203,2013-03-21,31
20130312040203,2013-03-22,36
20130312040203,2013-03-23,26
20130312040203,2013-03-24,17
20130312040203,2013-03-25,19
20130313031041,2013-03-13,6824
20130313031041,2013-03-14,34599
20130313031041,2013-03-15,17429
20130313031041,2013-03-16,7978
20130313031041,2013-03-17,7978
20130313031041,2013-03-18,8994
20130313031041,2013-03-19,8641
20130313031041,2013-03-20,6662
20130313031041,2013-03-21,4119
20130313031041,2013-03-22,2992
20130313031041,2013-03-23,2079
20130313031041,2013-03-24,1764
20130313031041,2013-03-25,1698
20130313031041,2013-03-26,1420
20130313034503,2013-03-13,37
20130313034503,2013-03-14,7
20130313034503,2013-03-15,4
20130313034503,2013-03-16,3
20130313034503,2013-03-18,1
20130313034503,2013-03-19,2
20130313034503,2013-03-20,1
20130313034503,2013-03-21,1
20130313034503,2013-03-22,1
20130313034503,2013-03-23,1
20130313034503,2013-03-24,1
20130313034503,2013-03-25,1
20130313034503,2013-03-26,1
20130313040202,2013-03-13,2
20130313040202,2013-03-14,8
20130313040202,2013-03-15,10
20130313040202,2013-03-16,3
20130313040202,2013-03-17,1
20130313040202,2013-03-19,1
20130313040202,2013-03-20,1
20130313040204,2013-03-13,70
20130313040204,2013-03-14,448
20130313040204,2013-03-15,349
20130313040204,2013-03-16,95
20130313040204,2013-03-17,46
20130313040204,2013-03-18,63
20130313040204,2013-03-19,43
20130313040204,2013-03-20,32
20130313040204,2013-03-21,30
20130313040204,2013-03-22,25
20130313040204,2013-03-23,18
20130313040204,2013-03-24,16
20130313040204,2013-03-25,22
20130313040204,2013-03-26,15
20130313170052,2013-03-15,2
20130313170052,2013-03-20,3
20130313170052,2013-03-22,1
20130314030914,2013-03-14,6376
20130314030914,2013-03-15,32507
20130314030914,2013-03-16,26525
20130314030914,2013-03-17,26882
20130314030914,2013-03-18,31295
20130314030914,2013-03-19,30240
20130314030914,2013-03-20,18809
20130314030914,2013-03-21,8910
20130314030914,2013-03-22,5454
20130314030914,2013-03-23,3542
20130314030914,2013-03-24,2685
20130314030914,2013-03-25,2561
20130314030914,2013-03-26,1958
20130314030914,2013-03-27,1505
20130314034502,2013-03-14,43
20130314034502,2013-03-16,1
20130314034502,2013-03-17,2
20130314034502,2013-03-18,2
20130314034502,2013-03-19,2
20130314034502,2013-03-20,3
20130314034502,2013-03-21,1
20130314040205,2013-03-15,7
20130314040205,2013-03-16,4
20130314040205,2013-03-17,1
20130314040205,2013-03-18,2
20130314040205,2013-03-19,1
20130314040205,2013-03-20,1
20130314040205,2013-03-21,1
20130314040205,2013-03-22,1
20130314040205,2013-03-23,1
20130314040205,2013-03-24,1
20130314040205,2013-03-26,1
20130314040205,2013-03-27,1
20130314040206,2013-03-14,63
20130314040206,2013-03-15,450
20130314040206,2013-03-16,575
20130314040206,2013-03-17,302
20130314040206,2013-03-18,274
20130314040206,2013-03-19,105
20130314040206,2013-03-20,73
20130314040206,2013-03-21,55
20130314040206,2013-03-22,40
20130314040206,2013-03-23,47
20130314040206,2013-03-24,34
20130314040206,2013-03-25,43
20130314040206,2013-03-26,32
20130314040206,2013-03-27,23
20130314042011,2013-03-24,1
20130315030943,2013-03-15,4674
20130315030943,2013-03-16,18192
20130315030943,2013-03-17,18973
20130315030943,2013-03-18,21165
20130315030943,2013-03-19,20024
20130315030943,2013-03-20,8765
20130315030943,2013-03-21,3571
20130315030943,2013-03-22,2012
20130315030943,2013-03-23,1278
20130315030943,2013-03-24,926
20130315030943,2013-03-25,833
20130315030943,2013-03-26,623
20130315030943,2013-03-27,497
20130315030943,2013-03-28,458
20130315040209,2013-03-15,3
20130315040209,2013-03-16,8
20130315040209,2013-03-17,7
20130315040209,2013-03-18,1
20130315040209,2013-03-19,3
20130315040209,2013-03-20,1
20130315040209,2013-03-21,1
20130315040209,2013-03-22,2
20130315040209,2013-03-23,5
20130315040209,2013-03-24,6
20130315040209,2013-03-26,1
20130315040209,2013-03-27,1
20130315045334,2013-03-15,1
20130315104527,2013-03-16,1
20130316030854,2013-03-16,390
20130316030854,2013-03-17,460
20130316030854,2013-03-18,271
20130316030854,2013-03-19,206
20130316030854,2013-03-20,143
20130316030854,2013-03-21,71
20130316030854,2013-03-22,67
20130316030854,2013-03-23,44
20130316030854,2013-03-24,42
20130316030854,2013-03-25,36
20130316030854,2013-03-26,28
20130316030854,2013-03-27,25
20130316030854,2013-03-28,29
20130316030854,2013-03-29,23
20130316034501,2013-03-16,44
20130316034501,2013-03-17,4
20130316034501,2013-03-18,3
20130316034501,2013-03-19,3
20130316034501,2013-03-20,4
20130316034501,2013-03-21,3
20130316034501,2013-03-22,2
20130316034501,2013-03-23,3
20130316034501,2013-03-24,3
20130316034501,2013-03-25,3
20130316034501,2013-03-26,1
20130316040202,2013-03-16,6
20130316040202,2013-03-17,10
20130316040202,2013-03-18,16
20130316040202,2013-03-19,18
20130316040202,2013-03-20,20
20130316040202,2013-03-21,6
20130316040202,2013-03-22,2
20130316040202,2013-03-23,3
20130316040202,2013-03-24,1
20130316040202,2013-03-25,2
20130316040202,2013-03-26,2
20130316040202,2013-03-27,3
20130316040202,2013-03-28,1
20130316040202,2013-03-29,1
20130316040205,2013-03-16,71
20130316040205,2013-03-17,414
20130316040205,2013-03-18,620
20130316040205,2013-03-19,816
20130316040205,2013-03-20,786
20130316040205,2013-03-21,479
20130316040205,2013-03-22,198
20130316040205,2013-03-23,163
20130316040205,2013-03-24,120
20130316040205,2013-03-25,124
20130316040205,2013-03-26,92
20130316040205,2013-03-27,89
20130316040205,2013-03-28,83
20130316040205,2013-03-29,57
20130316160554,2013-03-17,472
20130316160554,2013-03-18,284
20130316160554,2013-03-19,216
20130316160554,2013-03-20,146
20130316160554,2013-03-21,94
20130316160554,2013-03-22,51
20130316160554,2013-03-23,58
20130316160554,2013-03-24,57
20130316160554,2013-03-25,37
20130316160554,2013-03-26,31
20130316160554,2013-03-27,26
20130316160554,2013-03-28,27
20130316160554,2013-03-29,31
20130316180301,2013-03-17,1
20130317030923,2013-03-17,431
20130317030923,2013-03-18,1069
20130317030923,2013-03-19,730
20130317030923,2013-03-20,336
20130317030923,2013-03-21,196
20130317030923,2013-03-22,133
20130317030923,2013-03-23,93
20130317030923,2013-03-24,77
20130317030923,2013-03-25,79
20130317030923,2013-03-26,77
20130317030923,2013-03-27,54
20130317030923,2013-03-28,64
20130317030923,2013-03-29,42
20130317030923,2013-03-30,42
20130317032135,2013-03-18,2
20130317034503,2013-03-17,43
20130317034503,2013-03-19,1
20130318000317,2013-03-18,1
20130318012432,2013-03-19,1
20130318030947,2013-03-18,483
20130318030947,2013-03-19,3459
20130318030947,2013-03-20,20523
20130318030947,2013-03-21,25983
20130318030947,2013-03-22,13787
20130318030947,2013-03-23,7948
20130318030947,2013-03-24,6348
20130318030947,2013-03-25,5871
20130318030947,2013-03-26,4566
20130318030947,2013-03-27,3691
20130318030947,2013-03-28,3269
20130318030947,2013-03-29,2730
20130318030947,2013-03-30,2279
20130318030947,2013-03-31,2071
20130318042013,2013-03-19,1
20130319030939,2013-03-19,873
20130319030939,2013-03-20,9996
20130319030939,2013-03-21,8103
20130319030939,2013-03-22,3734
20130319030939,2013-03-23,2442
20130319030939,2013-03-24,1864
20130319030939,2013-03-25,1861
20130319030939,2013-03-26,1394
20130319030939,2013-03-27,1097
20130319030939,2013-03-28,885
20130319030939,2013-03-29,673
20130319030939,2013-03-30,518
20130319030939,2013-03-31,461
20130319030939,2013-04-01,521
20130319040203,2013-03-20,13
20130319040203,2013-03-21,241
20130319040203,2013-03-22,556
20130319040203,2013-03-23,461
20130319040203,2013-03-24,465
20130319040203,2013-03-25,403
20130319040203,2013-03-26,393
20130319040203,2013-03-27,328
20130319040203,2013-03-28,281
20130319040203,2013-03-29,292
20130319040203,2013-03-30,227
20130319040203,2013-03-31,253
20130319040203,2013-04-01,230
20130319042012,2013-03-20,1
20130319064414,2013-03-20,1
20130319083313,2013-03-20,1
20130319090717,2013-03-20,2
20130319134513,2013-03-19,1
20130320031103,2013-03-20,3099
20130320031103,2013-03-21,15323
20130320031103,2013-03-22,9720
20130320031103,2013-03-23,4354
20130320031103,2013-03-24,2745
20130320031103,2013-03-25,2784
20130320031103,2013-03-26,1870
20130320031103,2013-03-27,1331
20130320031103,2013-03-28,1117
20130320031103,2013-03-29,831
20130320031103,2013-03-30,640
20130320031103,2013-03-31,566
20130320031103,2013-04-01,625
20130320031103,2013-04-02,573
20130320034501,2013-03-20,43
20130320034501,2013-03-21,1
20130320034501,2013-03-22,1
20130320034501,2013-03-23,2
20130320034501,2013-03-24,2
20130320034501,2013-03-25,3
20130320034501,2013-03-26,2
20130320034501,2013-03-27,4
20130320034501,2013-03-28,1
20130320034501,2013-03-30,1
20130320034501,2013-04-02,1
20130320040221,2013-03-20,51
20130320040221,2013-03-21,296
20130320040221,2013-03-22,273
20130320040221,2013-03-23,93
20130320040221,2013-03-24,45
20130320040221,2013-03-25,60
20130320040221,2013-03-26,27
20130320040221,2013-03-27,22
20130320040221,2013-03-28,19
20130320040221,2013-03-29,17
20130320040221,2013-03-30,12
20130320040221,2013-03-31,12
20130320040221,2013-04-01,15
20130320040221,2013-04-02,11
20130320040225,2013-03-20,2
20130320040225,2013-03-21,12
20130320040225,2013-03-22,7
20130320040225,2013-03-23,1
20130320040225,2013-03-25,2
20130320040225,2013-03-26,1
20130320040225,2013-03-27,1
20130320040225,2013-03-28,1
20130320040225,2013-03-29,1
20130320040225,2013-03-30,1
20130320040225,2013-03-31,1
20130320040225,2013-04-01,1
20130320044721,2013-03-21,2
20130320060909,2013-03-20,1
20130320062118,2013-03-21,1
20130320062118,2013-03-23,1
20130320062118,2013-03-24,1
20130320062118,2013-03-30,1
20130321030940,2013-03-21,5954
20130321030940,2013-03-22,13795
20130321030940,2013-03-23,5158
20130321030940,2013-03-24,3378
20130321030940,2013-03-25,2915
20130321030940,2013-03-26,2040
20130321030940,2013-03-27,1420
20130321030940,2013-03-28,1091
20130321030940,2013-03-29,862
20130321030940,2013-03-30,676
20130321030940,2013-03-31,592
20130321030940,2013-04-01,671
20130321030940,2013-04-02,585
20130321030940,2013-04-03,534
20130321040202,2013-03-21,6
20130321040202,2013-03-22,12
20130321040202,2013-03-23,10
20130321040202,2013-03-24,6
20130321040202,2013-03-25,4
20130321040202,2013-03-26,3
20130321040202,2013-03-27,3
20130321040202,2013-03-28,3
20130321040202,2013-03-29,3
20130321040202,2013-03-30,2
20130321040202,2013-03-31,2
20130321040202,2013-04-01,3
20130321040202,2013-04-02,1
20130321040202,2013-04-03,2
20130321040204,2013-03-21,62
20130321040204,2013-03-22,366
20130321040204,2013-03-23,511
20130321040204,2013-03-24,575
20130321040204,2013-03-25,797
20130321040204,2013-03-26,777
20130321040204,2013-03-27,465
20130321040204,2013-03-28,241
20130321040204,2013-03-29,187
20130321040204,2013-03-30,139
20130321040204,2013-03-31,104
20130321040204,2013-04-01,130
20130321040204,2013-04-02,98
20130321040204,2013-04-03,96
20130321060245,2013-03-21,1
20130321090706,2013-03-21,797
20130321090706,2013-03-22,16684
20130321090706,2013-03-23,10770
20130321090706,2013-03-24,5438
20130321090706,2013-03-25,6119
20130321090706,2013-03-26,3402
20130321090706,2013-03-27,2330
20130321090706,2013-03-28,1860
20130321090706,2013-03-29,1377
20130321090706,2013-03-30,1050
20130321090706,2013-03-31,810
20130321090706,2013-04-01,952
20130321090706,2013-04-02,897
20130321090706,2013-04-03,752
20130322031028,2013-03-22,5639
20130322031028,2013-03-23,24689
20130322031028,2013-03-24,13186
20130322031028,2013-03-25,8247
20130322031028,2013-03-26,4980
20130322031028,2013-03-27,3319
20130322031028,2013-03-28,2669
20130322031028,2013-03-29,2167
20130322031028,2013-03-30,1724
20130322031028,2013-03-31,1443
20130322031028,2013-04-01,1424
20130322031028,2013-04-02,1225
20130322031028,2013-04-03,1049
20130322031028,2013-04-04,959
20130322034502,2013-03-22,42
20130322034502,2013-03-23,1
20130322040205,2013-03-22,6
20130322040205,2013-03-23,10
20130322040205,2013-03-24,7
20130322040205,2013-03-25,5
20130322040205,2013-03-26,3
20130322040205,2013-03-27,2
20130322040205,2013-03-28,1
20130322040205,2013-03-29,3
20130322040205,2013-03-30,1
20130322040205,2013-04-02,1
20130322040205,2013-04-03,1
20130322040205,2013-04-04,1
20130322042013,2013-03-22,1
20130322042013,2013-03-23,1
20130322042013,2013-03-24,1
20130322042013,2013-03-25,1
20130322042013,2013-03-26,1
20130322042013,2013-03-28,1
20130322042013,2013-03-29,1
20130322042013,2013-03-30,1
20130322042013,2013-03-31,1
20130322042013,2013-04-01,1
20130322042013,2013-04-02,1
20130322042013,2013-04-03,1
20130322042013,2013-04-04,1
20130322070110,2013-03-23,1
20130322140012,2013-03-23,2
20130322140012,2013-03-25,1
20130322140012,2013-03-26,1
20130323031040,2013-03-23,6180
20130323031040,2013-03-24,27111
20130323031040,2013-03-25,12732
20130323031040,2013-03-26,5707
20130323031040,2013-03-27,4040
20130323031040,2013-03-28,3084
20130323031040,2013-03-29,2454
20130323031040,2013-03-30,2000
20130323031040,2013-03-31,1639
20130323031040,2013-04-01,1406
20130323031040,2013-04-02,1129
20130323031040,2013-04-03,1013
20130323031040,2013-04-04,866
20130323031040,2013-04-05,785
20130323040204,2013-03-23,6
20130323040204,2013-03-24,13
20130323040204,2013-03-25,16
20130323040204,2013-03-26,15
20130323040204,2013-03-27,6
20130323040204,2013-03-28,5
20130323040204,2013-03-29,4
20130323040204,2013-03-30,3
20130323040204,2013-03-31,1
20130323040204,2013-04-01,1
20130323040204,2013-04-02,3
20130323040204,2013-04-03,1
20130323154724,2013-03-24,1
20130323154724,2013-03-26,1
20130324031024,2013-03-24,6421
20130324031024,2013-03-25,30940
20130324031024,2013-03-26,19588
20130324031024,2013-03-27,9211
20130324031024,2013-03-28,6461
20130324031024,2013-03-29,4510
20130324031024,2013-03-30,3337
20130324031024,2013-03-31,2592
20130324031024,2013-04-01,2452
20130324031024,2013-04-02,2136
20130324031024,2013-04-03,1863
20130324031024,2013-04-04,1486
20130324031024,2013-04-05,1239
20130324031024,2013-04-06,1132
20130324034501,2013-03-24,43
20130324034501,2013-03-25,2
20130324034501,2013-03-26,2
20130324042013,2013-03-25,1
20130324042013,2013-03-26,1
20130324042013,2013-03-27,1
20130324042013,2013-03-28,1
20130324042013,2013-03-29,1
20130324042013,2013-03-30,1
20130324042013,2013-03-31,1
20130324042013,2013-04-01,1
20130324042013,2013-04-02,1
20130324042013,2013-04-03,1
20130324042013,2013-04-04,1
20130324042013,2013-04-05,1
20130324042013,2013-04-06,1
20130325031100,2013-03-25,5536
20130325031100,2013-03-26,16059
20130325031100,2013-03-27,6361
20130325031100,2013-03-28,3718
20130325031100,2013-03-29,2497
20130325031100,2013-03-30,1637
20130325031100,2013-03-31,1279
20130325031100,2013-04-01,1292
20130325031100,2013-04-02,971
20130325031100,2013-04-03,832
20130325031100,2013-04-04,694
20130325031100,2013-04-05,574
20130325031100,2013-04-06,451
20130325031100,2013-04-07,422
20130325095624,2013-03-26,1
20130325105600,2013-03-25,354
20130325105600,2013-03-26,15600
20130325105600,2013-03-27,13869
20130325105600,2013-03-28,5880
20130325105600,2013-03-29,3617
20130325105600,2013-03-30,2381
20130325105600,2013-03-31,1818
20130325105600,2013-04-01,1871
20130325105600,2013-04-02,1568
20130325105600,2013-04-03,1249
20130325105600,2013-04-04,1065
20130325105600,2013-04-05,828
20130325105600,2013-04-06,697
20130325105600,2013-04-07,593
20130325214615,2013-03-27,2
20130325214615,2013-03-28,2
20130325214615,2013-03-29,2
20130325214615,2013-03-31,1
20130325214615,2013-04-01,1
20130325214615,2013-04-02,1
20130325214615,2013-04-03,2
20130325214615,2013-04-04,2
20130325214615,2013-04-05,2
20130325214615,2013-04-06,2
20130325214615,2013-04-07,1
20130326030941,2013-03-26,4741
20130326030941,2013-03-27,27977
20130326030941,2013-03-28,18138
20130326030941,2013-03-29,7241
20130326030941,2013-03-30,4835
20130326030941,2013-03-31,3751
20130326030941,2013-04-01,3657
20130326030941,2013-04-02,3005
20130326030941,2013-04-03,2276
20130326030941,2013-04-04,1828
20130326030941,2013-04-05,1453
20130326030941,2013-04-06,1169
20130326030941,2013-04-07,1075
20130326030941,2013-04-08,1069
20130326034501,2013-03-26,40
20130326034501,2013-03-27,6
20130326034501,2013-03-28,6
20130326034501,2013-03-29,2
20130326034501,2013-03-30,3
20130326034501,2013-03-31,4
20130326034501,2013-04-01,1
20130326034501,2013-04-03,1
20130326034501,2013-04-04,1
20130326034501,2013-04-06,1
20130326034501,2013-04-07,1
20130326034501,2013-04-08,1
20130326040202,2013-03-26,58
20130326040202,2013-03-27,336
20130326040202,2013-03-28,303
20130326040202,2013-03-29,92
20130326040202,2013-03-30,66
20130326040202,2013-03-31,57
20130326040202,2013-04-01,74
20130326040202,2013-04-02,62
20130326040202,2013-04-03,50
20130326040202,2013-04-04,47
20130326040202,2013-04-05,32
20130326040202,2013-04-06,32
20130326040202,2013-04-07,20
20130326040202,2013-04-08,22
20130326040213,2013-03-26,8
20130326040213,2013-03-27,14
20130326040213,2013-03-28,4
20130326040213,2013-03-29,2
20130326040213,2013-03-30,4
20130326040213,2013-03-31,2
20130326042012,2013-03-27,1
20130326150557,2013-03-27,1
20130326150557,2013-03-28,1
20130326150557,2013-03-30,1
20130326150557,2013-03-31,1
20130326150557,2013-04-01,1
20130326150557,2013-04-02,1
20130326150557,2013-04-03,8
20130326150557,2013-04-04,8
20130326150557,2013-04-05,10
20130326150557,2013-04-06,14
20130326150557,2013-04-07,11
20130326150557,2013-04-08,13
20130327031035,2013-03-27,3667
20130327031035,2013-03-28,27312
20130327031035,2013-03-29,14166
20130327031035,2013-03-30,6135
20130327031035,2013-03-31,4340
20130327031035,2013-04-01,4706
20130327031035,2013-04-02,3945
20130327031035,2013-04-03,2631
20130327031035,2013-04-04,1997
20130327031035,2013-04-05,1544
20130327031035,2013-04-06,1104
20130327031035,2013-04-07,1035
20130327031035,2013-04-08,1120
20130327031035,2013-04-09,954
20130327034501,2013-03-27,44
20130327034501,2013-03-28,2
20130327040202,2013-03-27,44
20130327040202,2013-03-28,327
20130327040202,2013-03-29,509
20130327040202,2013-03-30,263
20130327040202,2013-03-31,99
20130327040202,2013-04-01,129
20130327040202,2013-04-02,66
20130327040202,2013-04-03,47
20130327040202,2013-04-04,34
20130327040202,2013-04-05,24
20130327040202,2013-04-06,27
20130327040202,2013-04-07,16
20130327040202,2013-04-08,25
20130327040202,2013-04-09,24
20130327040203,2013-03-27,5
20130327040203,2013-03-28,14
20130327040203,2013-03-29,5
20130327040203,2013-03-30,1
20130327040203,2013-03-31,2
20130327040203,2013-04-01,1
20130327040203,2013-04-02,1
20130327040203,2013-04-04,1
20130327040203,2013-04-05,1
20130327040203,2013-04-06,1
20130327040203,2013-04-07,1
20130327040203,2013-04-08,1
20130327040203,2013-04-09,1
20130327111954,2013-04-07,1
20130327111954,2013-04-08,1
20130327111954,2013-04-09,1
20130328031013,2013-03-28,6058
20130328031013,2013-03-29,27529
20130328031013,2013-03-30,13096
20130328031013,2013-03-31,6342
20130328031013,2013-04-01,6704
20130328031013,2013-04-02,4712
20130328031013,2013-04-03,3107
20130328031013,2013-04-04,2351
20130328031013,2013-04-05,1818
20130328031013,2013-04-06,1409
20130328031013,2013-04-07,1285
20130328031013,2013-04-08,1242
20130328031013,2013-04-09,1077
20130328031013,2013-04-10,910
20130328034503,2013-03-28,44
20130328034503,2013-03-29,3
20130328034503,2013-03-30,4
20130328034503,2013-03-31,3
20130328034503,2013-04-01,9
20130328034503,2013-04-02,8
20130328034503,2013-04-03,9
20130328034503,2013-04-04,10
20130328034503,2013-04-05,9
20130328034503,2013-04-06,6
20130328034503,2013-04-07,5
20130328034503,2013-04-08,6
20130328034503,2013-04-09,4
20130328034503,2013-04-10,4
20130328040204,2013-03-28,9
20130328040204,2013-03-29,14
20130328040204,2013-03-30,7
20130328040204,2013-03-31,12
20130328040204,2013-04-01,18
20130328040204,2013-04-02,10
20130328040204,2013-04-03,16
20130328040204,2013-04-04,11
20130328040204,2013-04-05,10
20130328040204,2013-04-06,13
20130328040204,2013-04-07,10
20130328040204,2013-04-08,14
20130328040204,2013-04-09,13
20130328040204,2013-04-10,14
20130328084307,2013-03-28,1
20130329030904,2013-03-29,6615
20130329030904,2013-03-30,26172
20130329030904,2013-03-31,13326
20130329030904,2013-04-01,8335
20130329030904,2013-04-02,5445
20130329030904,2013-04-03,3652
20130329030904,2013-04-04,2663
20130329030904,2013-04-05,2088
20130329030904,2013-04-06,1724
20130329030904,2013-04-07,1509
20130329030904,2013-04-08,1261
20130329030904,2013-04-09,1066
20130329030904,2013-04-10,958
20130329030904,2013-04-11,855
20130329040203,2013-03-29,7
20130329040203,2013-03-30,5
20130329040203,2013-03-31,2
20130329040203,2013-04-01,1
20130329040203,2013-04-04,1
20130329040203,2013-04-05,1
20130329040203,2013-04-06,1
20130329040203,2013-04-08,1
20130329040203,2013-04-09,1
20130329040203,2013-04-10,2
20130329040203,2013-04-11,1
20130329040204,2013-03-29,48
20130329040204,2013-03-30,315
20130329040204,2013-03-31,489
20130329040204,2013-04-01,603
20130329040204,2013-04-02,686
20130329040204,2013-04-03,732
20130329040204,2013-04-04,476
20130329040204,2013-04-05,201
20130329040204,2013-04-06,141
20130329040204,2013-04-07,129
20130329040204,2013-04-08,132
20130329040204,2013-04-09,108
20130329040204,2013-04-10,98
20130329040204,2013-04-11,86
20130330030828,2013-03-30,7063
20130330030828,2013-03-31,26705
20130330030828,2013-04-01,12526
20130330030828,2013-04-02,5615
20130330030828,2013-04-03,3928
20130330030828,2013-04-04,2942
20130330030828,2013-04-05,2322
20130330030828,2013-04-06,2019
20130330030828,2013-04-07,1729
20130330030828,2013-04-08,1298
20130330030828,2013-04-09,1107
20130330030828,2013-04-10,932
20130330030828,2013-04-11,855
20130330030828,2013-04-12,743
20130330040208,2013-03-30,9
20130330040208,2013-03-31,9
20130330040208,2013-04-01,14
20130330040208,2013-04-02,12
20130330040208,2013-04-03,3
20130330040208,2013-04-04,2
20130330040208,2013-04-05,1
20130330040208,2013-04-08,1
20130330040208,2013-04-09,1
20130330040208,2013-04-12,1
20130331030859,2013-03-31,6238
20130331030859,2013-04-01,28041
20130331030859,2013-04-02,14529
20130331030859,2013-04-03,6289
20130331030859,2013-04-04,4532
20130331030859,2013-04-05,3482
20130331030859,2013-04-06,2770
20130331030859,2013-04-07,2313
20130331030859,2013-04-08,1908
20130331030859,2013-04-09,1640
20130331030859,2013-04-10,1290
20130331030859,2013-04-11,1097
20130331030859,2013-04-12,958
20130331030859,2013-04-13,843
20130401030817,2013-04-01,7120
20130401030817,2013-04-02,32992
20130401030817,2013-04-03,17527
20130401030817,2013-04-04,7587
20130401030817,2013-04-05,5561
20130401030817,2013-04-06,4038
20130401030817,2013-04-07,3481
20130401030817,2013-04-08,3301
20130401030817,2013-04-09,2692
20130401030817,2013-04-10,2398
20130401030817,2013-04-11,2022
20130401030817,2013-04-12,1847
20130401030817,2013-04-13,1539
20130401030817,2013-04-14,1451
20130401170114,2013-04-03,1
20130401192816,2013-04-06,1
20130401192816,2013-04-08,1
20130401192816,2013-04-11,1
20130402030843,2013-04-02,7143
20130402030843,2013-04-03,33408
20130402030843,2013-04-04,19985
20130402030843,2013-04-05,9642
20130402030843,2013-04-06,5739
20130402030843,2013-04-07,4291
20130402030843,2013-04-08,3968
20130402030843,2013-04-09,2996
20130402030843,2013-04-10,2357
20130402030843,2013-04-11,1813
20130402030843,2013-04-12,1514
20130402030843,2013-04-13,1173
20130402030843,2013-04-14,1043
20130402040203,2013-04-02,7
20130402040203,2013-04-03,10
20130402040203,2013-04-04,5
20130402040203,2013-04-05,3
20130402040203,2013-04-06,3
20130402040203,2013-04-07,1
20130402040203,2013-04-08,1
20130402072254,2013-04-03,1
20130403030841,2013-04-03,6354
20130403030841,2013-04-04,13039
20130403030841,2013-04-05,4841
20130403030841,2013-04-06,2590
20130403030841,2013-04-07,1925
20130403030841,2013-04-08,1679
20130403030841,2013-04-09,1195
20130403030841,2013-04-10,924
20130403030841,2013-04-11,690
20130403030841,2013-04-12,548
20130403030841,2013-04-13,421
20130403030841,2013-04-14,384
20130403040202,2013-04-03,4
20130403040202,2013-04-04,6
20130403040202,2013-04-05,4
20130403040202,2013-04-06,3
20130403040202,2013-04-07,1
20130403040202,2013-04-08,1
20130403040202,2013-04-09,1
20130403040202,2013-04-10,1
20130403040203,2013-04-03,57
20130403040203,2013-04-04,373
20130403040203,2013-04-05,611
20130403040203,2013-04-06,262
20130403040203,2013-04-07,99
20130403040203,2013-04-08,152
20130403040203,2013-04-09,78
20130403040203,2013-04-10,61
20130403040203,2013-04-11,56
20130403040203,2013-04-12,47
20130403040203,2013-04-13,34
20130403040203,2013-04-14,30
20130403090950,2013-04-03,1041
20130403090950,2013-04-04,17973
20130403090950,2013-04-05,12614
20130403090950,2013-04-06,5093
20130403090950,2013-04-07,3725
20130403090950,2013-04-08,3459
20130403090950,2013-04-09,2461
20130403090950,2013-04-10,1910
20130403090950,2013-04-11,1492
20130403090950,2013-04-12,1160
20130403090950,2013-04-13,904
20130403090950,2013-04-14,765
20130404030859,2013-04-04,6477
20130404030859,2013-04-05,28262
20130404030859,2013-04-06,14754
20130404030859,2013-04-07,8185
20130404030859,2013-04-08,8327
20130404030859,2013-04-09,4748
20130404030859,2013-04-10,3500
20130404030859,2013-04-11,2604
20130404030859,2013-04-12,2079
20130404030859,2013-04-13,1540
20130404030859,2013-04-14,1264
20130404034504,2013-04-04,50
20130404034504,2013-04-05,2
20130404034504,2013-04-06,1
20130404034504,2013-04-07,1
20130404034504,2013-04-08,3
20130404034504,2013-04-09,1
20130404034504,2013-04-11,2
20130404034504,2013-04-12,2
20130404034504,2013-04-13,1
20130404034504,2013-04-14,2
20130404040201,2013-04-05,1
20130404040201,2013-04-06,1
20130404040201,2013-04-09,1
20130404040201,2013-04-12,1
20130404040201,2013-04-14,1
20130404040203,2013-04-04,7
20130404040203,2013-04-05,7
20130404040203,2013-04-06,7
20130404040203,2013-04-07,7
20130404040203,2013-04-08,13
20130404040203,2013-04-09,9
20130404040203,2013-04-10,16
20130404040203,2013-04-11,11
20130404040203,2013-04-12,13
20130404040203,2013-04-13,3
20130404040203,2013-04-14,4
20130404112120,2013-04-06,1
20130404112120,2013-04-11,1
20130404112120,2013-04-12,1
20130404212151,2013-04-05,1
20130404212151,2013-04-06,1
20130405030918,2013-04-05,6243
20130405030918,2013-04-06,11586
20130405030918,2013-04-07,5192
20130405030918,2013-04-08,4585
20130405030918,2013-04-09,2569
20130405030918,2013-04-10,1712
20130405030918,2013-04-11,1302
20130405030918,2013-04-12,990
20130405030918,2013-04-13,738
20130405030918,2013-04-14,601
20130405034504,2013-04-05,43
20130405034504,2013-04-06,4
20130405034504,2013-04-07,1
20130405034504,2013-04-08,1
20130405034504,2013-04-09,1
20130405034504,2013-04-11,1
20130405040203,2013-04-07,2
20130405040203,2013-04-08,5
20130405040203,2013-04-09,6
20130405040203,2013-04-10,4
20130405040203,2013-04-11,6
20130405040203,2013-04-12,3
20130405040203,2013-04-13,1
20130405040203,2013-04-14,1
20130405040205,2013-04-05,59
20130405040205,2013-04-06,320
20130405040205,2013-04-07,491
20130405040205,2013-04-08,580
20130405040205,2013-04-09,376
20130405040205,2013-04-10,181
20130405040205,2013-04-11,84
20130405040205,2013-04-12,71
20130405040205,2013-04-13,53
20130405040205,2013-04-14,36
20130405103453,2013-04-05,599
20130405103453,2013-04-06,14457
20130405103453,2013-04-07,10578
20130405103453,2013-04-08,5733
20130405103453,2013-04-09,3518
20130405103453,2013-04-10,2426
20130405103453,2013-04-11,1843
20130405103453,2013-04-12,1473
20130405103453,2013-04-13,1202
20130405103453,2013-04-14,899
20130406014130,2013-04-06,1
20130406014130,2013-04-09,1
20130406014130,2013-04-11,1
20130406014130,2013-04-12,1
20130406030922,2013-04-06,5765
20130406030922,2013-04-07,24944
20130406030922,2013-04-08,13880
20130406030922,2013-04-09,6875
20130406030922,2013-04-10,4613
20130406030922,2013-04-11,3407
20130406030922,2013-04-12,2717
20130406030922,2013-04-13,2315
20130406030922,2013-04-14,1846
20130406034503,2013-04-06,42
20130406034503,2013-04-07,3
20130406034503,2013-04-08,1
20130406034503,2013-04-09,1
20130406034503,2013-04-10,1
20130407030841,2013-04-07,6271
20130407030841,2013-04-08,27968
20130407030841,2013-04-09,14976
20130407030841,2013-04-10,6678
20130407030841,2013-04-11,4773
20130407030841,2013-04-12,3660
20130407030841,2013-04-13,2841
20130407030841,2013-04-14,2249
20130407034503,2013-04-07,43
20130407034503,2013-04-09,2
20130407034503,2013-04-10,5
20130407034503,2013-04-11,3
20130408004015,2013-04-10,1
20130408030928,2013-04-08,7037
20130408030928,2013-04-09,33050
20130408030928,2013-04-10,16297
20130408030928,2013-04-11,6863
20130408030928,2013-04-12,4789
20130408030928,2013-04-13,3359
20130408030928,2013-04-14,2644
20130408040203,2013-04-08,48
20130408040203,2013-04-09,376
20130408040203,2013-04-10,661
20130408040203,2013-04-11,731
20130408040203,2013-04-12,769
20130408040203,2013-04-13,646
20130408040203,2013-04-14,352
20130408165307,2013-04-11,4
20130408165307,2013-04-12,1
20130408165307,2013-04-13,3
20130408165307,2013-04-14,1
20130409004013,2013-04-11,1
20130409004013,2013-04-14,1
20130409030855,2013-04-09,7532
20130409030855,2013-04-10,34599
20130409030855,2013-04-11,20343
20130409030855,2013-04-12,10090
20130409030855,2013-04-13,6042
20130409030855,2013-04-14,4453
20130409194949,2013-04-11,1
20130409194949,2013-04-12,2
20130409194949,2013-04-13,2
20130409194949,2013-04-14,2
20130410031044,2013-04-10,6187
20130410031044,2013-04-11,14050
20130410031044,2013-04-12,5233
20130410031044,2013-04-13,2874
20130410031044,2013-04-14,1991
20130410034500,2013-04-10,43
20130410034500,2013-04-11,1
20130410034500,2013-04-12,7
20130410034500,2013-04-13,3
20130410034500,2013-04-14,3
20130410065939,2013-04-10,1000
20130410065939,2013-04-11,17558
20130410065939,2013-04-12,12671
20130410065939,2013-04-13,5323
20130410065939,2013-04-14,4086
20130411030925,2013-04-11,6726
20130411030925,2013-04-12,28476
20130411030925,2013-04-13,13262
20130411030925,2013-04-14,6981
20130411095515,2013-04-13,1
20130411095515,2013-04-14,1
20130411104611,2013-04-12,3
20130411104611,2013-04-13,2
20130411104611,2013-04-14,4
20130411210800,2013-04-13,1
20130411210800,2013-04-14,1
20130412030828,2013-04-12,7008
20130412030828,2013-04-13,27426
20130412030828,2013-04-14,14755
20130412034503,2013-04-12,45
20130412034503,2013-04-13,5
20130412034503,2013-04-14,4
20130412040205,2013-04-12,6
20130412040205,2013-04-13,4
20130412075211,2013-04-12,1
20130412075211,2013-04-14,1
20130412144307,2013-04-13,1
20130413030927,2013-04-13,6251
20130413030927,2013-04-14,27194
20130413032814,2013-04-13,1
20130413040204,2013-04-13,43
20130413040204,2013-04-14,299
20130413040206,2013-04-13,5
20130413040206,2013-04-14,4
20130414031025,2013-04-14,6518
20130414034504,2013-04-14,44
